,Date,工业生产者出厂价格指数 YoY,煤炭开采和洗选业工业生产者出厂价格指数 YoY,石油和天然气开采业工业生产者出厂价格指数 YoY,黑色金属矿采选业工业生产者出厂价格指数 YoY,有色金属矿采选业工业生产者出厂价格指数 YoY,非金属矿采选业工业生产者出厂价格指数 YoY,其他采矿业工业生产者出厂价格指数 YoY,农副食品加工业工业生产者出厂价格指数 YoY,食品制造业工业生产者出厂价格指数 YoY,饮料制造业工业生产者出厂价格指数 YoY,烟草制品业工业生产者出厂价格指数 YoY,纺织业工业生产者出厂价格指数 YoY,纺织服装、鞋、帽制造业工业生产者出厂价格指数 YoY,皮革、毛皮、羽毛 (绒) 及其制品业工业生产者出厂价格指数 YoY,木材加工及木、竹、藤、棕、草制品业工业生产者出厂价格指数 YoY,家具制造业工业生产者出厂价格指数 YoY,造纸及纸制品业工业生产者出厂价格指数 YoY,印刷业和记录媒介的复制工业生产者出厂价格指数 YoY,文教体育用品制造业工业生产者出厂价格指数 YoY,石油加工、炼焦及核燃料加工业工业生产者出厂价格指数 YoY,化学原料及化学制品制造业工业生产者出厂价格指数 YoY,医药制造业工业生产者出厂价格指数 YoY,化学纤维制造业工业生产者出厂价格指数 YoY,橡胶制品业工业生产者出厂价格指数 YoY,塑料制品业工业生产者出厂价格指数 YoY,非金属矿物制品业工业生产者出厂价格指数 YoY,黑色金属冶炼及压延加工业工业生产者出厂价格指数 YoY,有色金属冶炼及压延加工业工业生产者出厂价格指数 YoY,金属制品业工业生产者出厂价格指数 YoY,通用设备制造业工业生产者出厂价格指数 YoY,专用设备制造业工业生产者出厂价格指数 YoY,交通运输设备制造业工业生产者出厂价格指数 YoY,电气机械及器材制造业工业生产者出厂价格指数 YoY,通信设备、计算机及其他电子设备制造工业生产者出厂价格指数 YoY,仪器仪表及文化、办公用机械制造业工业生产者出厂价格指数 YoY,工艺品及其他制造业工业生产者出厂价格指数 YoY,废弃资源和废旧材料回收加工业工业生产者出厂价格指数 YoY,电力、热力的生产和供应业工业生产者出厂价格指数 YoY,燃气生产和供应业工业生产者出厂价格指数 YoY,水的生产和供应业工业生产者出厂价格指数 YoY,开采辅助活动工业生产者出厂价格指数 YoY,酒、饮料和精制茶制造业工业生产者出厂价格指数 YoY,纺织服装、服饰业工业生产者出厂价格指数 YoY,皮革、毛皮、羽毛及其制品和制鞋业工业生产者出厂价格指数 YoY,木材加工和木、竹、藤、棕、草制品业工业生产者出厂价格指数 YoY,造纸和纸制品业工业生产者出厂价格指数 YoY,印刷和记录媒介复制业工业生产者出厂价格指数 YoY,文教、工美、体育和娱乐用品制造业工业生产者出厂价格指数 YoY,石油加工、炼焦和核燃料加工业工业生产者出厂价格指数 YoY,化学原料和化学制品制造业工业生产者出厂价格指数 YoY,橡胶和塑料制品业工业生产者出厂价格指数 YoY,黑色金属冶炼和压延加工业工业生产者出厂价格指数 YoY,有色金属冶炼和压延加工业工业生产者出厂价格指数 YoY,汽车制造业工业生产者出厂价格指数 YoY,铁路、船舶、航空航天和其他运输设备制造业工业生产者出厂价格指数 YoY,电气机械和器材制造业工业生产者出厂价格指数 YoY,计算机、通信和其他电子设备制造业工业生产者出厂价格指数 YoY,仪器仪表制造业工业生产者出厂价格指数 YoY,其他制造业工业生产者出厂价格指数 YoY,废弃资源综合利用业工业生产者出厂价格指数 YoY,金属制品、机械和设备修理业工业生产者出厂价格指数 YoY,电力、热力生产和供应业工业生产者出厂价格指数 YoY
0,2007-01-01,3.3,2.0,4.6,0.3,22.7,3.3,,8.5,1.8,1.1,0.6,0.9,0.9,2.0,3.7,1.0,1.1,-0.5,1.6,9.7,3.5,-0.9,3.3,4.9,2.6,2.0,4.9,20.0,3.2,1.1,0.8,0.1,7.5,-3.7,-0.2,4.1,5.9,2.8,6.7,5.4,,,,,,,,,,,,,,,,,,,,,,
1,2007-02-01,2.6,2.4,-7.3,0.8,21.8,3.4,0.0,9.0,1.6,1.0,0.5,0.9,0.6,2.3,3.7,1.2,0.3,0.0,1.7,7.4,3.0,-0.9,2.9,4.8,2.4,1.2,5.9,14.7,2.7,1.2,0.6,-0.2,6.8,-3.4,-1.5,3.4,2.0,2.9,6.2,5.5,,,,,,,,,,,,,,,,,,,,,,
2,2007-03-01,2.7,2.0,-9.2,3.5,21.9,3.3,0.0,9.6,1.8,1.3,0.2,0.5,0.4,2.3,3.9,1.2,1.0,-0.3,1.5,7.0,3.2,-1.3,3.3,4.1,2.7,0.9,6.9,16.3,3.1,1.2,0.6,0.0,5.4,-2.7,-1.8,3.3,4.3,3.0,5.6,5.0,,,,,,,,,,,,,,,,,,,,,,
3,2007-04-01,2.9,2.4,-4.1,5.7,18.6,3.4,0.0,10.0,2.0,1.2,0.9,0.9,1.1,1.5,4.0,1.4,0.8,0.2,2.5,5.6,3.6,-0.4,3.6,4.1,2.3,0.6,6.0,18.8,2.9,1.4,0.5,-0.2,5.8,-2.1,-1.6,3.5,4.8,2.9,5.1,5.1,,,,,,,,,,,,,,,,,,,,,,
4,2007-05-01,2.8,2.6,-3.7,6.2,10.7,4.7,0.0,12.1,1.9,1.5,0.6,0.8,1.3,1.9,4.1,1.1,0.7,-0.3,2.6,4.7,3.4,0.5,4.4,4.1,2.0,0.4,6.5,15.7,2.7,1.5,1.8,-0.1,3.4,-2.2,-1.2,2.6,3.7,3.0,4.7,4.5,,,,,,,,,,,,,,,,,,,,,,
5,2007-06-01,2.5,3.0,-6.3,7.8,8.0,4.1,0.0,12.8,2.3,0.9,0.2,0.6,0.7,1.7,3.8,1.3,0.4,0.2,1.6,0.9,3.0,2.9,4.7,3.4,2.1,0.8,6.3,16.5,2.4,1.5,1.7,0.0,3.1,-2.0,-1.5,3.2,3.8,3.2,4.4,4.6,,,,,,,,,,,,,,,,,,,,,,
6,2007-07-01,2.4,3.6,-4.9,9.0,7.6,2.6,0.0,14.9,2.1,1.0,0.4,0.7,0.8,2.4,3.6,1.3,0.6,0.7,0.8,0.2,3.2,3.5,3.3,2.7,1.9,1.7,5.4,12.6,2.3,1.0,1.7,0.2,3.0,-2.6,-1.4,4.2,2.7,2.6,4.9,5.0,,,,,,,,,,,,,,,,,,,,,,
7,2007-08-01,2.6,3.8,-2.0,11.9,6.2,2.1,0.0,16.4,2.6,1.0,0.0,0.8,1.0,2.5,3.3,1.7,0.8,0.7,1.5,0.1,2.9,4.8,2.1,2.8,1.4,1.2,7.0,12.2,2.3,1.1,1.7,0.2,2.4,-2.3,-0.8,4.7,2.8,1.7,4.4,4.9,,,,,,,,,,,,,,,,,,,,,,
8,2007-09-01,2.7,4.5,-3.7,16.9,7.8,1.9,0.0,15.7,3.4,1.0,0.0,1.0,0.3,3.1,3.6,1.6,1.1,0.9,0.6,0.3,3.3,4.9,1.8,2.1,1.0,1.7,9.5,11.9,2.3,1.4,1.9,0.1,2.2,-2.7,-0.9,5.0,3.2,1.4,3.3,4.5,,,,,,,,,,,,,,,,,,,,,,
9,2007-10-01,3.2,5.2,4.2,16.6,8.6,2.3,0.0,16.3,3.4,1.2,0.3,0.8,0.4,3.8,3.2,1.6,1.3,1.2,0.9,2.0,4.3,4.2,3.1,2.0,0.9,0.6,10.5,10.2,2.2,1.4,2.2,0.3,1.9,-2.2,-0.5,5.5,6.4,1.2,3.1,4.2,,,,,,,,,,,,,,,,,,,,,,
10,2007-11-01,4.6,6.2,22.2,19.9,9.2,2.9,0.0,17.7,4.0,1.2,0.3,0.8,0.1,3.1,3.2,1.9,1.7,1.6,0.8,9.8,5.1,4.3,3.1,2.5,2.0,2.4,11.7,10.6,2.5,1.5,1.9,0.0,1.8,-2.2,-1.4,6.1,6.6,1.0,4.1,4.2,,,,,,,,,,,,,,,,,,,,,,
11,2007-12-01,5.4,7.9,34.6,24.6,8.4,3.6,,17.0,4.6,1.5,0.2,1.3,1.2,2.6,3.5,3.0,2.4,1.9,1.4,12.3,6.6,3.4,3.7,2.0,2.2,2.4,14.4,7.4,3.1,1.7,2.4,0.2,1.5,-2.4,-0.9,6.1,6.6,1.0,5.1,4.1,,,,,,,,,,,,,,,,,,,,,,
12,2008-01-01,6.1,14.3,29.3,27.7,10.4,5.6,0.0,19.3,6.3,3.0,0.4,1.9,1.8,3.4,3.8,2.9,3.4,1.3,1.3,14.0,9.2,4.0,3.5,2.7,2.3,3.9,17.3,4.7,4.0,2.5,2.4,0.8,1.2,-1.7,0.0,5.8,6.4,0.7,5.8,3.9,,,,,,,,,,,,,,,,,,,,,,
13,2008-02-01,6.6,18.5,36.7,30.9,9.8,6.7,1.7,20.2,7.4,2.9,0.4,1.4,1.9,2.2,3.3,2.9,3.8,2.3,0.6,14.7,9.7,4.5,3.1,3.0,2.4,4.6,17.9,6.6,4.3,2.7,2.6,0.7,1.9,-2.2,-0.2,6.3,6.4,0.7,5.8,3.8,,,,,,,,,,,,,,,,,,,,,,
14,2008-03-01,8.0,26.0,37.1,37.0,11.3,8.5,1.7,22.9,7.6,3.2,0.6,2.1,1.7,2.4,4.5,3.1,4.4,2.1,1.1,16.7,11.7,4.9,3.3,3.4,2.4,6.2,21.2,10.0,6.0,3.7,2.9,0.7,2.2,-1.3,0.3,6.6,10.6,0.7,6.0,3.8,,,,,,,,,,,,,,,,,,,,,,
15,2008-04-01,8.1,20.9,37.1,37.1,11.5,10.3,0.0,21.5,8.0,4.1,0.6,2.1,2.4,2.7,4.5,3.4,6.1,1.7,1.7,17.9,13.3,5.1,3.3,3.9,2.6,6.4,24.8,4.7,6.4,4.2,3.1,1.0,1.9,-1.8,0.6,7.0,14.3,0.7,6.3,3.4,,,,,,,,,,,,,,,,,,,,,,
16,2008-05-01,8.2,24.1,30.2,41.1,9.7,11.1,0.0,19.5,8.6,4.1,0.4,1.8,2.4,3.1,4.3,3.6,6.6,2.9,2.1,19.2,14.8,5.6,2.2,3.4,2.6,6.5,26.7,0.6,7.7,4.9,2.9,1.7,1.8,-1.9,0.3,6.7,14.4,0.7,6.8,3.2,,,,,,,,,,,,,,,,,,,,,,
17,2008-06-01,8.8,27.5,35.1,44.4,8.9,11.8,0.0,16.9,9.1,4.0,0.6,1.9,2.6,2.5,4.3,4.3,7.7,3.5,2.3,20.5,17.0,4.7,1.9,5.2,3.4,7.6,28.7,-1.9,8.8,5.6,3.5,1.6,1.8,-1.0,0.7,5.4,14.6,0.7,7.3,2.6,,,,,,,,,,,,,,,,,,,,,,
18,2008-07-01,10.0,32.6,40.2,52.4,9.7,14.8,0.0,16.1,9.2,3.9,0.4,1.9,2.7,1.9,4.8,3.6,7.8,3.0,2.9,32.9,17.8,4.3,1.8,5.7,4.4,10.4,31.0,-2.1,9.4,5.9,3.8,2.0,1.7,-2.4,0.4,5.6,16.0,1.5,7.0,2.6,,,,,,,,,,,,,,,,,,,,,,
19,2008-08-01,10.1,39.0,37.4,49.9,6.6,16.5,,12.7,8.9,4.2,0.7,1.7,2.5,2.3,4.6,3.7,8.1,3.0,1.8,34.2,18.2,3.6,0.4,6.3,4.4,11.1,29.9,-2.3,9.9,6.6,4.4,1.9,2.0,-2.1,0.3,5.6,16.6,2.2,6.5,2.3,,,,,,,,,,,,,,,,,,,,,,
20,2008-09-01,9.1,41.1,25.1,39.2,5.0,16.9,,11.2,9.0,4.3,0.6,1.6,1.6,2.1,4.7,3.4,7.7,3.0,2.9,32.2,16.4,3.1,-0.5,7.4,4.6,11.6,24.7,-4.6,8.9,6.5,4.0,2.2,1.9,-0.8,0.5,6.1,15.6,3.2,6.6,2.4,,,,,,,,,,,,,,,,,,,,,,
21,2008-10-01,6.6,41.1,11.2,20.2,1.3,14.9,,8.4,8.3,4.1,0.4,1.5,2.5,1.9,4.3,3.3,6.9,3.4,2.1,27.3,10.8,2.4,-2.5,7.5,2.9,10.1,15.3,-9.8,7.5,6.3,3.9,2.5,0.6,-1.9,0.0,4.5,6.4,3.5,6.1,2.2,,,,,,,,,,,,,,,,,,,,,,
22,2008-11-01,2.0,32.7,-14.1,2.6,-11.6,9.5,,3.6,7.4,3.6,0.8,0.2,2.1,1.7,3.4,3.4,4.7,2.8,2.3,10.2,0.8,1.6,-9.6,6.6,0.7,8.3,3.3,-19.4,4.9,5.2,3.7,1.8,-1.3,-1.3,0.4,3.6,-7.3,3.9,3.9,2.3,,,,,,,,,,,,,,,,,,,,,,
23,2008-12-01,-1.1,26.9,-39.7,-5.8,-15.3,5.3,,0.5,6.2,3.0,0.5,-0.6,1.8,1.1,2.8,2.6,2.1,2.0,1.7,3.9,-5.5,1.5,-14.1,3.8,-1.0,8.1,-3.9,-24.8,2.5,3.7,2.7,1.7,-2.9,-2.5,-0.4,2.6,-6.7,3.8,2.6,2.5,,,,,,,,,,,,,,,,,,,,,,
24,2009-01-01,-3.3,22.7,-48.5,-16.1,-16.9,2.3,0.0,-1.6,3.9,1.4,0.3,-1.3,0.5,0.5,0.4,1.4,-1.2,1.4,0.8,-5.2,-8.9,1.7,-17.0,3.2,-2.6,5.1,-7.2,-24.6,1.6,2.1,2.4,1.5,-5.6,-3.8,-0.1,2.4,-11.2,3.7,1.8,2.1,,,,,,,,,,,,,,,,,,,,,,
25,2009-02-01,-4.5,18.8,-54.8,-18.3,-17.4,1.5,1.7,-2.7,2.8,1.2,0.4,-2.4,-0.3,0.5,0.6,1.6,-2.4,1.5,1.2,-10.9,-9.9,1.0,-15.9,2.5,-3.1,4.1,-8.9,-25.0,0.6,1.6,2.0,1.1,-6.4,-3.9,-0.6,1.9,-11.6,3.4,1.7,2.3,,,,,,,,,,,,,,,,,,,,,,
26,2009-03-01,-6.0,13.9,-54.2,-25.0,-20.8,1.4,1.7,-5.8,2.0,0.9,0.4,-2.7,-0.4,-0.8,-0.6,0.6,-4.0,1.3,0.7,-12.5,-11.4,0.7,-15.6,1.8,-3.9,2.5,-15.0,-28.6,-1.7,0.7,1.5,0.4,-6.9,-4.2,-0.5,1.3,-15.0,3.5,0.9,3.0,,,,,,,,,,,,,,,,,,,,,,
27,2009-04-01,-6.6,8.7,-52.2,-30.8,-19.1,-0.4,3.5,-6.5,1.2,0.4,0.8,-2.9,-0.2,-1.5,-0.9,0.1,-5.1,0.7,-0.5,-11.6,-12.4,0.5,-14.4,1.1,-4.4,1.8,-18.7,-25.7,-3.0,-0.3,0.7,0.2,-6.2,-4.9,-1.1,0.2,-18.2,3.4,0.8,2.3,,,,,,,,,,,,,,,,,,,,,,
28,2009-05-01,-7.2,5.5,-49.3,-34.6,-18.5,-0.8,3.5,-6.6,0.9,0.2,0.2,-2.9,0.0,-1.7,-1.0,-0.4,-6.3,0.1,-0.2,-12.4,-13.1,0.2,-12.5,0.6,-4.0,1.0,-22.4,-23.9,-4.6,-1.3,0.1,-0.2,-6.7,-5.2,-1.2,0.3,-18.5,3.2,-0.6,3.3,,,,,,,,,,,,,,,,,,,,,,
29,2009-06-01,-7.8,0.2,-48.1,-37.2,-16.5,-3.2,3.5,-7.3,0.4,0.1,0.7,-2.9,0.0,-1.8,-1.4,-0.4,-7.8,-0.2,-1.1,-10.4,-15.7,-0.4,-12.6,-0.4,-5.3,-0.3,-24.8,-24.9,-5.6,-2.2,-0.5,-0.3,-6.7,-5.2,-1.5,0.2,-19.3,3.4,-0.9,3.0,,,,,,,,,,,,,,,,,,,,,,
30,2009-07-01,-8.2,-6.0,-42.9,-35.9,-16.1,-4.0,3.5,-7.5,0.0,0.5,0.5,-2.8,-0.3,-2.6,-1.7,-0.2,-8.4,-0.4,-0.8,-13.9,-16.9,-0.9,-12.6,-1.8,-5.8,-1.8,-24.8,-23.6,-6.0,-2.7,-1.1,-0.6,-6.4,-4.8,-2.0,-1.0,-18.4,2.7,-1.0,3.2,,,,,,,,,,,,,,,,,,,,,,
31,2009-08-01,-7.9,-11.4,-44.4,-32.6,-12.0,-6.0,0.0,-5.8,-0.2,0.3,0.7,-2.8,0.2,-2.3,-2.4,-0.1,-7.9,-0.7,0.7,-15.2,-17.2,-1.2,-9.2,-2.2,-5.4,-2.7,-21.3,-19.2,-6.0,-3.0,-1.2,-0.8,-5.7,-4.3,-1.1,0.8,-16.0,1.7,-0.1,3.8,,,,,,,,,,,,,,,,,,,,,,
32,2009-09-01,-7.0,-11.8,-30.2,-32.8,-10.8,-6.3,0.0,-4.9,-0.6,0.4,0.2,-2.5,0.0,-2.0,-2.1,0.0,-7.7,-1.1,-0.2,-11.8,-16.4,-0.9,-8.2,-3.1,-5.0,-3.6,-21.0,-13.8,-5.4,-3.2,-1.0,-0.7,-5.0,-3.5,-0.8,-0.7,-21.3,1.0,-0.1,3.5,,,,,,,,,,,,,,,,,,,,,,
33,2009-10-01,-5.8,-10.9,-23.4,-25.3,-6.6,-6.3,0.0,-3.4,0.0,0.5,0.8,-1.7,-0.7,-2.1,-1.9,0.0,-7.1,-1.4,0.2,-10.2,-14.6,-0.2,-6.7,-2.5,-4.3,-3.5,-17.1,-8.2,-4.7,-3.4,-1.2,-1.1,-3.8,-4.1,-0.5,-0.5,-16.0,0.8,-0.1,4.0,,,,,,,,,,,,,,,,,,,,,,
34,2009-11-01,-2.1,-5.3,-3.3,-13.2,5.7,-3.7,0.0,0.4,1.2,0.6,0.4,1.2,-0.2,-2.4,-1.8,-0.4,-5.6,-1.1,1.3,0.0,-6.8,-0.1,1.4,-2.6,-2.5,-2.9,-7.9,4.2,-2.3,-2.6,-0.8,-0.7,-1.2,-4.0,-0.8,0.4,-9.3,0.4,1.0,4.1,,,,,,,,,,,,,,,,,,,,,,
35,2009-12-01,1.7,-1.8,43.9,-6.3,15.9,-0.5,0.0,4.1,2.0,1.0,0.5,3.0,0.5,-1.8,-1.0,0.5,-3.4,-1.2,2.0,8.0,0.2,1.4,9.1,-1.7,-0.3,-1.1,-3.9,14.1,-1.4,-1.9,-0.3,-0.1,1.1,-3.2,-0.5,0.6,-4.9,1.1,2.3,3.9,,,,,,,,,,,,,,,,,,,,,,
36,2010-01-01,4.3,5.0,68.0,4.3,23.7,2.5,3.5,3.5,1.9,2.0,0.4,3.9,1.0,-0.5,0.1,-0.2,-1.0,-0.1,1.6,17.1,4.9,2.2,13.5,-0.4,0.4,-0.4,-1.4,25.2,-0.8,-1.3,0.1,-0.4,3.3,-3.2,-1.3,1.9,-0.5,1.6,2.3,6.1,,,,,,,,,,,,,,,,,,,,,,
37,2010-02-01,5.4,6.9,81.8,5.1,23.1,2.3,0.0,2.9,2.0,2.0,0.6,5.5,1.2,0.3,0.3,-0.1,0.1,0.1,2.1,22.7,6.8,2.3,15.5,0.6,1.5,0.1,-0.2,21.8,-0.4,-1.1,-0.1,0.0,4.1,-2.7,-0.9,2.2,1.9,1.6,3.0,5.2,,,,,,,,,,,,,,,,,,,,,,
38,2010-03-01,5.9,5.5,63.3,10.2,23.8,3.3,0.0,3.5,2.2,2.6,0.2,5.3,1.7,0.8,0.6,1.1,1.8,0.0,2.3,24.9,8.2,2.2,18.8,1.3,2.7,1.2,4.5,24.3,0.2,-0.9,0.4,0.6,4.3,-2.8,-0.4,2.6,8.7,1.8,3.2,5.7,,,,,,,,,,,,,,,,,,,,,,
39,2010-04-01,6.8,8.4,59.4,23.6,23.4,4.1,0.0,3.7,2.6,3.0,0.1,6.6,1.6,1.1,1.2,1.4,3.8,0.7,2.5,27.6,7.7,3.0,16.9,1.6,2.8,1.1,11.1,22.7,1.3,-0.2,0.6,0.6,4.1,-2.4,-0.6,3.3,10.3,2.0,3.4,5.6,,,,,,,,,,,,,,,,,,,,,,
40,2010-05-01,7.1,8.7,58.7,28.9,22.8,4.9,0.0,4.4,3.0,3.5,0.5,7.5,1.8,1.6,1.7,1.4,5.0,0.9,2.1,28.1,8.0,3.5,15.6,3.2,1.7,0.9,12.6,20.7,2.2,0.4,1.4,0.7,3.8,-1.8,-1.3,3.7,8.3,2.1,4.5,5.7,,,,,,,,,,,,,,,,,,,,,,
41,2010-06-01,6.4,9.8,45.1,23.8,19.3,6.3,0.0,4.2,3.4,3.7,0.6,8.2,1.6,1.6,1.8,2.1,5.3,0.7,3.6,22.1,7.9,3.9,14.5,5.8,2.6,1.8,10.9,17.4,2.5,0.5,1.4,0.7,3.2,-1.0,-1.1,3.2,9.2,2.2,4.6,5.5,,,,,,,,,,,,,,,,,,,,,,
42,2010-07-01,4.8,11.0,18.5,22.0,17.5,7.5,0.0,4.7,3.4,3.5,0.5,8.2,1.9,2.2,1.9,1.9,4.7,0.8,3.6,12.7,6.8,3.4,12.7,4.4,2.5,2.2,6.6,16.0,2.3,0.5,2.0,0.2,3.0,-0.7,-0.2,4.0,7.2,2.3,5.2,5.6,,,,,,,,,,,,,,,,,,,,,,
43,2010-08-01,4.3,11.2,18.4,16.3,16.2,8.7,0.0,5.6,3.7,2.9,0.6,8.6,1.3,1.9,1.9,1.4,4.5,0.7,2.5,12.6,6.3,3.4,10.5,4.7,1.9,2.0,4.0,13.7,1.6,0.5,1.6,0.2,2.1,-1.0,-0.7,3.3,5.9,2.2,6.4,5.1,,,,,,,,,,,,,,,,,,,,,,
44,2010-09-01,4.3,10.8,7.7,19.0,14.4,8.3,0.0,7.0,3.9,3.1,0.5,9.1,1.4,1.8,2.0,1.8,4.0,0.6,2.1,9.9,6.8,3.4,8.9,4.2,2.2,2.5,7.7,10.4,2.7,0.3,1.5,0.3,2.2,-0.7,-0.5,3.7,9.8,2.1,7.0,5.3,,,,,,,,,,,,,,,,,,,,,,
45,2010-10-01,5.0,11.5,10.4,19.2,14.8,8.7,0.0,8.0,4.2,3.0,0.3,10.2,1.2,2.4,2.0,1.8,3.9,0.7,2.0,12.3,8.9,3.7,11.7,5.4,2.4,2.8,10.1,12.1,2.6,0.6,1.9,0.1,2.5,-1.1,-1.2,4.0,8.3,1.9,7.6,5.7,,,,,,,,,,,,,,,,,,,,,,
46,2010-11-01,6.1,15.4,13.4,19.7,14.8,9.7,0.0,9.7,4.8,3.0,0.5,13.8,2.1,3.1,2.5,2.6,4.8,0.9,2.4,12.9,12.2,3.8,16.3,6.8,3.2,4.8,11.4,11.9,2.7,0.9,1.7,0.5,2.6,-1.3,-1.4,5.2,10.5,2.2,8.8,5.7,,,,,,,,,,,,,,,,,,,,,,
47,2010-12-01,5.9,15.3,8.9,17.5,14.1,10.5,0.0,9.2,4.8,2.6,0.5,15.4,3.0,3.7,2.6,2.0,4.5,1.8,2.5,10.6,11.7,4.0,14.2,7.6,3.5,5.9,11.5,10.9,3.1,1.0,2.1,0.5,2.7,-1.0,-0.7,4.7,11.0,1.7,8.6,4.7,,,,,,,,,,,,,,,,,,,,,,
48,2011-01-01,6.6,12.3,13.9,24.3,14.6,8.4,0.0,9.7,5.2,3.8,0.4,16.8,4.0,3.7,3.8,1.5,5.0,2.6,3.3,12.6,10.7,3.2,18.5,8.1,4.9,8.0,15.7,12.7,3.7,1.7,1.2,0.3,4.0,-0.5,-0.2,5.1,12.1,1.1,12.1,3.2,,,,,,,,,,,,,,,,,,,,,,
49,2011-02-01,7.2,11.3,15.2,25.1,16.4,9.1,0.0,10.8,5.6,4.1,0.4,18.1,4.0,3.4,4.1,1.2,4.7,2.8,3.7,12.8,10.8,3.1,19.6,10.1,4.9,7.9,17.7,16.6,4.1,2.3,1.5,0.2,4.7,-0.3,-0.2,5.3,15.0,1.0,11.6,3.2,,,,,,,,,,,,,,,,,,,,,,
50,2011-03-01,7.3,11.1,25.8,19.9,16.7,9.2,0.0,12.0,6.1,4.1,0.4,18.8,3.4,3.9,4.2,1.5,4.0,1.2,3.6,15.0,10.7,2.8,21.1,11.4,5.3,8.4,15.1,15.1,4.5,2.7,1.8,0.4,4.4,-0.7,-0.7,6.0,13.5,0.8,13.0,3.0,,,,,,,,,,,,,,,,,,,,,,
51,2011-04-01,6.8,10.7,30.5,13.7,15.8,9.2,0.0,12.5,5.9,4.2,0.5,17.4,3.8,4.3,4.4,1.9,3.1,1.1,4.2,15.7,11.2,2.6,18.0,11.8,5.4,8.6,9.7,13.5,4.1,2.5,1.5,0.4,4.1,-1.3,-0.1,5.7,11.9,0.8,13.7,2.8,,,,,,,,,,,,,,,,,,,,,,
52,2011-05-01,6.8,10.2,29.4,11.7,16.8,9.3,0.0,11.9,6.3,4.4,0.4,15.6,3.8,4.4,4.6,2.0,2.5,2.0,3.9,15.3,11.3,2.5,14.6,10.9,5.2,8.8,9.5,15.8,4.3,2.8,1.3,0.3,4.4,-1.3,0.2,5.3,11.7,1.0,13.0,2.5,,,,,,,,,,,,,,,,,,,,,,
53,2011-06-01,7.1,9.7,27.7,12.4,19.4,9.0,0.0,12.5,6.3,4.2,0.4,13.3,3.8,4.5,4.4,2.4,2.6,1.7,4.0,17.5,12.1,2.4,16.6,10.2,5.2,9.0,11.3,20.0,4.7,2.8,1.4,0.4,4.2,-1.8,0.0,5.4,14.9,1.5,12.2,3.1,,,,,,,,,,,,,,,,,,,,,,
54,2011-07-01,7.5,9.9,30.8,14.5,18.8,9.8,0.0,12.7,7.0,4.7,0.3,11.7,3.7,4.8,4.6,2.9,2.7,1.8,4.0,18.3,13.7,2.4,14.0,10.3,5.1,8.9,13.5,21.6,5.1,3.1,1.6,0.4,4.4,-1.9,-0.3,5.5,17.1,1.8,12.3,3.3,,,,,,,,,,,,,,,,,,,,,,
55,2011-08-01,7.3,10.8,32.5,14.0,18.8,9.9,0.0,12.2,7.3,4.8,0.2,10.0,3.8,5.3,4.3,3.1,3.1,2.1,4.3,18.1,13.6,2.7,13.4,10.3,5.2,8.4,12.3,18.7,5.2,3.1,1.6,0.5,3.8,-2.3,-0.1,6.3,16.5,1.9,10.6,3.0,,,,,,,,,,,,,,,,,,,,,,
56,2011-09-01,6.5,10.3,27.6,14.5,18.1,9.6,0.0,11.9,6.9,5.0,0.1,8.8,3.6,5.6,4.1,3.2,3.3,2.1,3.7,17.7,12.2,2.9,15.1,10.3,5.1,7.2,9.4,15.5,4.6,3.2,1.6,0.4,3.1,-2.5,-0.4,6.5,12.9,2.0,7.7,2.9,,,,,,,,,,,,,,,,,,,,,,
57,2011-10-01,5.0,10.4,25.5,9.6,12.1,9.5,0.0,10.2,6.9,4.9,0.1,6.1,3.8,5.6,4.0,3.2,2.7,2.1,3.7,15.7,8.6,2.7,8.0,10.1,4.4,5.9,6.1,6.2,4.1,3.0,1.6,0.5,1.5,-2.8,-0.2,4.9,8.6,2.1,5.1,2.8,,,,,,,,,,,,,,,,,,,,,,
58,2011-11-01,2.7,9.0,17.9,0.4,8.4,8.6,0.0,6.5,6.2,4.7,0.2,0.8,3.1,4.9,3.5,3.0,1.7,1.5,3.3,10.4,2.9,1.8,-4.3,8.9,3.1,3.0,1.2,2.9,2.9,2.5,1.3,0.3,0.3,-2.6,-0.4,4.4,5.5,1.8,1.8,2.1,,,,,,,,,,,,,,,,,,,,,,
59,2011-12-01,1.7,7.5,18.3,-2.5,5.9,7.9,0.0,5.0,5.4,4.4,0.2,-0.9,3.3,4.3,3.3,2.8,0.7,1.4,3.0,9.8,0.6,1.1,-4.7,7.5,2.0,0.5,-1.6,-0.3,2.4,2.3,1.4,0.2,-0.9,-2.8,-0.4,3.3,3.0,2.8,1.6,2.2,,,,,,,,,,,,,,,,,,,,,,
60,2012-01-01,0.7,6.0,10.9,-5.4,3.3,7.3,0.0,3.9,4.9,3.8,0.1,-1.9,2.9,3.8,3.1,2.9,0.3,1.1,2.5,7.0,-0.1,0.8,-6.3,5.9,1.0,0.5,-4.4,-3.8,1.9,1.9,1.1,0.2,-1.6,-3.1,0.2,2.6,1.1,3.9,1.7,1.8,,,,,,,,,,,,,,,,,,,,,,
61,2012-02-01,0.0,5.0,9.1,-6.9,2.9,6.5,0.0,2.8,4.4,3.5,0.0,-3.2,3.1,3.7,3.1,3.0,0.4,1.0,2.5,7.2,-1.1,0.3,-9.2,3.2,0.5,0.5,-7.5,-4.5,1.1,1.2,0.8,-0.2,-2.1,-3.1,0.2,2.9,-2.1,4.4,3.1,1.7,,,,,,,,,,,,,,,,,,,,,,
62,2012-03-01,-0.3,3.8,7.2,-6.6,1.6,5.5,0.0,2.5,3.5,3.2,1.4,-4.8,3.2,2.9,2.7,2.5,-0.1,1.0,2.7,8.0,-2.0,0.3,-12.4,1.5,0.0,0.4,-7.4,-5.3,0.7,0.6,0.4,-0.3,-2.2,-2.7,0.6,1.9,-3.0,4.6,4.7,1.8,,,,,,,,,,,,,,,,,,,,,,
63,2012-04-01,-0.7,3.4,4.7,-7.1,-0.6,5.1,0.0,2.7,3.0,3.1,1.6,-5.0,2.5,2.4,2.3,2.1,-0.5,0.9,2.3,7.1,-2.7,0.3,-14.1,0.2,-0.3,-0.4,-7.3,-6.8,0.4,0.5,0.5,-0.7,-2.7,-2.2,0.0,1.8,-4.8,4.7,3.0,2.0,,,,,,,,,,,,,,,,,,,,,,
64,2012-05-01,-1.4,1.4,-2.3,-9.1,-2.3,4.3,0.0,2.6,2.4,2.8,1.6,-4.6,2.4,2.3,2.2,1.9,-0.8,0.4,2.1,3.7,-3.7,0.1,-12.8,0.1,-0.7,-1.2,-8.8,-7.4,-0.4,0.1,0.4,-0.6,-3.0,-2.3,-0.2,0.9,-6.3,4.5,0.9,2.6,,,,,,,,,,,,,,,,,,,,,,
65,2012-06-01,-2.1,0.0,-3.9,-10.7,-4.0,3.6,0.0,2.2,1.8,1.7,1.6,-4.3,2.3,2.4,2.3,1.5,-1.5,0.4,1.6,-0.8,-5.1,0.1,-15.8,-0.5,-0.9,-1.8,-10.2,-9.2,-0.7,-0.1,0.2,-0.7,-3.0,-1.9,0.0,0.6,-9.8,3.9,0.0,2.3,,,,,,,,,,,,,,,,,,,,,,
66,2012-07-01,-2.9,-3.2,-10.0,-11.5,-5.2,2.5,0.0,1.6,1.4,1.5,1.6,-4.1,2.1,2.3,2.1,1.1,-1.9,0.2,1.7,-4.7,-6.3,0.2,-15.9,-1.4,-1.2,-2.4,-11.1,-10.9,-1.5,-0.5,0.2,-0.8,-3.3,-2.1,0.1,0.2,-11.9,3.5,-0.3,2.2,,,,,,,,,,,,,,,,,,,,,,
67,2012-08-01,-3.5,-6.7,-11.2,-14.5,-6.9,1.7,0.0,1.2,1.0,1.2,1.7,-3.1,1.8,1.9,1.8,1.1,-2.5,0.2,1.3,-5.1,-6.6,0.1,-13.8,-2.2,-1.4,-3.1,-14.7,-12.2,-2.4,-0.7,0.2,-0.8,-3.4,-1.9,0.2,-0.7,-13.6,3.3,1.4,2.3,,,,,,,,,,,,,,,,,,,,,,
68,2012-09-01,-3.6,-9.6,-4.3,-19.9,-7.1,1.4,0.0,1.4,0.9,0.9,1.7,-2.8,1.9,1.7,1.6,0.9,-2.8,0.1,1.3,-2.5,-6.6,-0.2,-13.8,-2.9,-1.4,-3.1,-17.9,-10.0,-2.8,-1.1,0.1,-0.8,-3.1,-1.8,0.4,-0.5,-13.1,3.3,1.3,2.3,,,,,,,,,,,,,,,,,,,,,,
69,2012-10-01,-2.8,-11.7,0.1,-17.8,-3.6,1.1,0.0,1.4,1.1,0.8,1.6,-2.7,1.8,1.5,1.7,0.9,-3.1,-0.1,1.5,-0.1,-5.8,-0.2,-12.6,-3.4,-1.2,-2.5,-15.3,-4.0,-2.7,-1.2,-0.1,-0.7,-2.1,-1.7,0.5,0.6,-11.4,3.3,2.2,2.3,,,,,,,,,,,,,,,,,,,,,,
70,2012-11-01,-2.2,-12.0,1.3,-11.4,-3.6,1.0,0.0,1.6,1.0,0.6,1.6,-2.1,1.8,1.6,1.7,0.9,-2.6,0.0,1.0,0.4,-4.4,-0.1,-9.1,-3.4,-1.4,-1.9,-11.9,-5.0,-2.3,-1.2,-0.1,-0.6,-2.0,-1.6,0.2,0.2,-9.5,3.1,3.1,2.3,,,,,,,,,,,,,,,,,,,,,,
71,2012-12-01,-1.9,-11.3,-2.9,-10.2,-2.5,1.0,0.0,2.5,1.1,0.6,1.6,-1.6,1.3,1.8,1.7,1.1,-2.4,0.2,1.1,-0.6,-3.7,0.0,-7.4,-3.3,-0.8,-1.6,-10.5,-3.1,-2.1,-1.2,-0.1,-0.5,-1.6,-1.8,0.4,0.8,-8.8,2.1,2.6,2.3,,,,,,,,,,,,,,,,,,,,,,
72,2013-01-01,-1.6,-11.1,-0.7,-7.2,-1.0,0.8,0.0,3.2,1.1,0.4,1.6,-1.0,1.5,2.0,1.4,1.1,-2.1,0.1,1.1,-0.2,-3.2,0.2,-6.5,-3.0,-0.4,-1.9,-8.4,-2.0,-2.1,-1.3,0.0,-0.6,-1.5,-2.0,-0.1,0.8,-8.7,1.0,2.2,2.4,,,,,,,,,,,,,,,,,,,,,,
73,2013-02-01,-1.6,-10.9,-2.1,-6.5,-1.6,0.4,0.0,3.5,1.2,0.2,1.7,-1.2,1.3,2.4,1.2,0.9,-2.6,-0.3,0.9,-1.2,-3.3,0.6,-6.5,-2.5,-0.3,-2.1,-6.4,-3.3,-1.9,-1.2,0.1,-0.5,-1.6,-2.1,-0.1,0.2,-8.0,0.5,1.1,2.3,,,,,,,,,,,,,,,,,,,,,,
74,2013-03-01,-1.9,-10.8,-3.1,-5.8,-2.4,0.7,0.0,3.0,1.4,0.2,0.3,-0.9,1.3,2.3,1.2,1.0,-2.6,-0.4,0.8,-3.2,-3.6,0.4,-5.4,-2.9,-0.6,-2.2,-6.8,-4.6,-1.8,-1.3,0.2,-0.5,-2.0,-2.5,-0.6,0.2,-7.1,0.3,-1.0,2.6,,,,,,,,,,,,,,,,,,,,,,
75,2013-04-01,-2.6,-12.2,-9.6,-6.7,-3.8,0.3,0.0,1.7,1.6,-0.2,0.1,-0.6,1.2,2.2,1.2,0.9,-2.8,-0.4,0.8,-8.3,-4.4,0.5,-5.2,-3.1,-0.7,-2.0,-8.3,-5.8,-2.2,-1.3,0.1,-0.4,-2.0,-2.6,-0.3,-0.4,-7.6,0.2,-1.6,2.3,,,,,,,,,,,,,,,,,,,,,,
76,2013-05-01,-2.9,-13.4,-10.5,-6.0,-4.4,0.4,0.0,1.1,1.4,-0.4,0.1,-0.6,1.3,2.5,1.0,0.6,-2.8,-0.6,0.2,-9.8,-4.5,0.7,-5.1,-3.4,-0.7,-1.6,-9.3,-6.1,-2.2,-1.4,0.1,-0.6,-1.8,-2.8,-0.7,-0.6,-8.4,0.2,0.3,1.7,,,,,,,,,,,,,,,,,,,,,,
77,2013-06-01,-2.7,-14.2,-7.8,-6.5,-4.8,0.4,0.0,0.6,1.5,0.3,0.1,-0.3,1.1,2.4,0.5,0.5,-2.5,-0.7,0.0,-6.7,-3.7,0.7,-2.0,-3.3,-0.5,-1.5,-10.3,-5.3,-2.3,-1.5,0.2,-0.7,-1.6,-3.1,-0.8,-1.0,-6.2,0.0,2.2,1.5,,,,,,,,,,,,,,,,,,,,,,
78,2013-07-01,-2.3,-13.7,-0.5,-5.6,-5.9,0.5,0.0,0.4,1.6,0.2,0.2,0.1,1.0,2.3,0.4,0.4,-2.4,-0.7,-0.2,-2.5,-3.3,0.8,-1.4,-3.1,-0.3,-1.2,-9.1,-6.6,-1.9,-1.4,0.1,-0.6,-1.6,-3.0,-0.9,-1.2,-5.9,0.1,3.4,1.2,,,,,,,,,,,,,,,,,,,,,,
79,2013-08-01,-1.6,-12.4,1.9,-2.0,-4.6,0.8,0.0,0.2,1.8,0.3,0.2,0.3,1.0,2.4,0.6,0.2,-2.2,-0.6,-0.3,-0.9,-3.2,0.6,-3.2,-3.0,-0.1,-0.4,-4.8,-5.1,-1.4,-1.2,0.2,-0.7,-1.4,-3.0,-0.9,-0.9,-5.0,0.2,2.3,1.2,,,,,,,,,,,,,,,,,,,,,,
80,2013-09-01,-1.3,-10.1,-1.7,3.8,-4.7,0.8,0.0,-0.3,2.0,0.2,0.2,0.3,1.0,2.4,0.6,0.1,-2.1,-0.7,-0.3,-1.4,-3.0,0.6,-4.1,-2.9,-0.1,-0.2,-0.6,-6.2,-1.0,-0.9,0.3,-0.7,-1.4,-3.1,-1.2,-1.4,-3.8,0.2,3.4,1.3,,,,,,,,,,,,,,,,,,,,,,
81,2013-10-01,-1.5,-8.5,-2.5,3.4,-6.0,0.6,0.0,0.2,1.7,0.1,0.1,0.6,1.1,2.6,0.5,0.1,-1.8,-0.5,-0.6,-3.6,-2.7,0.6,-4.7,-2.6,-0.1,-0.3,-2.4,-6.8,-1.1,-0.8,0.3,-0.9,-1.3,-2.9,-1.3,-1.8,-3.1,0.0,3.2,1.9,,,,,,,,,,,,,,,,,,,,,,
82,2013-11-01,-1.4,-8.7,-2.6,2.5,-5.8,0.6,0.0,0.5,2.3,0.2,0.2,0.6,1.0,2.6,0.5,0.3,-1.7,-0.4,0.0,-3.7,-2.4,0.8,-3.9,-2.6,0.3,0.2,-3.5,-5.9,-1.1,-0.6,0.3,-0.9,-1.2,-2.6,-0.9,-1.6,-3.5,-0.2,3.7,2.5,,,,,,,,,,,,,,,,,,,,,,
83,2013-12-01,-1.4,-9.1,-1.8,2.4,-6.6,0.8,0.0,0.1,2.5,0.2,0.2,0.5,0.8,2.7,0.4,0.1,-1.4,-0.5,0.0,-1.8,-1.7,0.7,-4.3,-2.4,0.5,0.8,-3.6,-6.6,-1.3,-0.5,0.4,-1.0,-1.3,-2.7,-1.1,-1.6,-4.2,-0.2,5.6,2.4,,,,,,,,,,,,,,,,,,,,,,
84,2014-01-01,-1.6,-9.4,-1.0,-0.2,-7.2,0.7,0.0,-1.1,2.5,,0.3,0.2,,,,0.0,,,,,,0.5,-6.0,,,1.3,,,-1.5,-0.4,0.2,,,,,,,,5.1,2.5,3.1,0.4,0.3,2.1,0.5,-1.4,-0.5,-1.6,-2.3,-1.9,-0.8,-5.1,-6.8,-1.0,-0.7,-1.2,-2.6,-0.3,1.6,-4.7,-0.2,-0.1
85,2014-02-01,-2.0,-10.2,-3.3,-2.3,-7.2,0.8,0.0,-1.6,2.6,,0.2,0.1,,,,0.3,,,,,,0.5,-6.6,,,1.3,,,-1.7,-0.5,0.1,,,,,,,,5.2,2.6,1.5,0.5,0.4,2.0,0.5,-1.0,-0.1,-1.5,-4.6,-2.4,-1.1,-7.0,-7.7,-0.8,-0.9,-1.4,-2.3,-0.3,1.9,-5.1,-0.1,0.3
86,2014-03-01,-2.3,-11.6,-5.0,-4.8,-6.4,0.3,0.0,-1.8,2.5,,0.2,-0.2,,,,0.4,,,,,,0.7,-7.7,,,1.0,,,-1.8,-0.5,0.0,,,,,,,,4.9,2.4,0.1,0.4,0.3,2.3,0.5,-0.9,0.0,-1.0,-5.8,-2.8,-1.0,-7.8,-8.5,-0.7,-0.9,-1.6,-1.9,0.0,1.9,-7.0,-0.4,0.5
87,2014-04-01,-2.0,-12.5,-2.0,-5.0,-4.9,-0.1,0.0,-1.3,2.5,,0.3,-0.5,,,,0.5,,,,,,0.8,-6.3,,,0.8,,,-1.7,-0.6,-0.1,,,,,,,,5.8,2.5,-1.5,0.4,0.2,2.2,0.6,-0.9,-0.1,-0.7,-4.1,-2.3,-1.1,-6.8,-7.0,-0.6,-0.6,-1.4,-2.0,-0.1,1.8,-6.9,-0.3,0.4
88,2014-05-01,-1.4,-11.7,1.3,-5.5,-3.2,-0.7,0.0,-0.6,2.4,,0.3,-0.4,,,,0.8,,,,,,0.7,-6.0,,,0.6,,,-1.4,-0.5,-0.3,,,,,,,,5.8,2.8,-0.9,0.3,0.3,2.0,0.9,-1.0,0.2,0.1,-1.0,-1.8,-1.0,-5.2,-4.6,-0.5,-0.4,-1.1,-1.7,0.0,1.9,-6.5,-0.2,0.2
89,2014-06-01,-1.1,-10.8,4.0,-6.5,-2.4,-0.7,0.0,-0.1,2.4,,0.2,-0.4,,,,1.0,,,,,,0.7,-4.6,,,0.3,,,-1.2,-0.4,-0.3,,,,,,,,5.5,2.9,-2.2,0.6,0.3,1.9,1.3,-0.9,0.3,0.4,0.1,-1.4,-1.0,-3.7,-3.9,-0.5,-0.2,-1.2,-1.6,0.1,1.8,-6.6,-0.1,0.2
90,2014-07-01,-0.9,-10.0,6.2,-8.2,0.3,-1.0,0.0,0.0,2.2,,0.3,-0.3,,,,1.1,,,,,,0.7,-2.6,,,0.0,,,-1.0,-0.3,-0.3,,,,,,,,4.2,2.9,-2.4,0.8,0.2,1.9,1.3,-0.6,0.2,0.9,0.6,-0.6,-1.2,-4.2,-1.2,-0.4,-0.4,-0.8,-1.5,0.2,2.6,-6.1,-0.9,0.2
91,2014-08-01,-1.2,-9.6,3.1,-10.4,-0.2,-0.9,0.0,-0.1,2.1,,0.3,-0.6,,,,1.1,,,,,,0.9,-3.3,,,-0.5,,,-1.0,-0.4,-0.3,,,,,,,,3.4,3.1,-1.0,0.7,0.2,1.6,1.3,-0.6,0.0,0.5,-2.4,-0.3,-1.3,-5.7,-1.3,-0.4,-0.1,-1.0,-1.4,0.1,2.9,-5.7,-1.2,0.1
92,2014-09-01,-1.8,-10.6,-2.1,-12.6,-1.8,-1.4,0.0,-0.5,1.6,,0.3,-0.8,,,,1.2,,,,,,0.9,-3.8,,,-0.6,,,-1.2,-0.5,-0.5,,,,,,,,2.3,3.0,-0.8,0.6,0.0,1.6,1.2,-0.5,0.1,0.2,-6.4,-0.6,-1.3,-7.9,-1.6,-0.4,-0.2,-1.0,-1.4,0.0,2.8,-6.5,-1.5,0.0
93,2014-10-01,-2.2,-11.4,-8.2,-14.7,-2.5,-1.5,0.0,-1.0,1.5,,0.4,-1.2,,,,1.2,,,,,,0.9,-4.8,,,-0.8,,,-1.2,-0.5,-0.4,,,,,,,,2.0,2.4,-1.0,0.6,0.0,1.3,1.0,-0.4,0.0,0.4,-8.1,-1.7,-1.5,-8.5,-2.8,-0.4,-0.1,-1.2,-1.4,0.1,2.3,-7.5,-1.1,-0.1
94,2014-11-01,-2.7,-11.6,-13.0,-16.6,-2.8,-1.8,0.0,-1.2,1.0,,0.3,-1.5,,,,1.1,,,,,,0.7,-5.6,,,-1.6,,,-1.2,-0.7,-0.4,,,,,,,,0.3,2.0,-1.2,0.2,0.1,1.2,0.9,-0.4,-0.2,0.0,-11.2,-3.0,-1.7,-8.9,-2.9,-0.4,0.0,-1.3,-1.6,0.0,2.2,-8.1,-1.0,0.3
95,2014-12-01,-3.3,-12.2,-19.7,-19.0,-3.2,-2.0,0.0,-1.6,0.6,,0.6,-1.7,,,,1.1,,,,,,0.8,-6.3,,,-2.3,,,-1.4,-0.7,-0.4,,,,,,,,-2.5,2.2,-0.8,0.2,0.2,1.2,0.8,-0.6,-0.2,0.2,-16.3,-4.9,-2.5,-9.7,-3.4,-0.4,0.0,-1.2,-1.3,0.0,2.0,-7.9,-1.1,0.4
96,2015-01-01,-4.3,-13.0,-32.9,-20.5,-3.0,-2.0,0.0,-1.5,0.4,,0.5,-2.1,,,,1.0,,,,,,0.9,-8.6,,,-2.8,,,-1.6,-0.9,-0.4,,,,,,,,-2.5,2.5,-1.9,-0.3,0.7,1.3,0.7,-0.9,0.0,0.1,-22.7,-6.7,-3.1,-11.5,-5.5,-0.5,0.1,-1.7,-1.5,-0.1,-0.4,-9.3,-0.9,0.3
97,2015-02-01,-4.8,-13.1,-42.4,-21.0,-4.2,-2.3,0.0,-1.3,0.1,,0.5,-2.4,,,,0.8,,,,,,0.9,-9.0,,,-2.6,,,-1.9,-0.9,-0.6,,,,,,,,-1.9,2.2,-1.4,-0.3,0.6,1.2,0.5,-1.2,0.0,0.2,-23.8,-7.3,-3.2,-13.3,-6.3,-0.5,0.3,-1.9,-1.5,-0.3,-0.7,-9.3,-0.8,-0.2
98,2015-03-01,-4.6,-13.0,-39.3,-21.4,-5.8,-2.5,0.0,-1.0,-0.1,,0.5,-2.5,,,,0.8,,,,,,0.9,-8.0,,,-2.7,,,-2.0,-1.0,-0.6,,,,,,,,-1.7,2.3,-2.3,-0.1,0.9,0.8,0.6,-1.4,-0.1,-0.5,-21.1,-6.5,-3.4,-13.7,-4.4,-0.6,0.2,-1.5,-1.5,-0.5,-1.0,-8.7,-1.1,-0.4
99,2015-04-01,-4.6,-13.0,-38.7,-22.9,-4.9,-2.8,0.0,-0.9,-0.1,,0.5,-2.4,,,,0.7,,,,,,0.8,-7.3,,,-3.0,,,-2.2,-1.1,-0.7,,,,,,,,-2.6,2.4,-1.9,0.0,0.6,0.5,0.4,-1.4,-0.1,-0.5,-21.3,-5.8,-3.2,-14.5,-3.6,-0.8,0.1,-1.5,-1.3,-0.5,-0.4,-9.2,-1.1,-0.5
100,2015-05-01,-4.6,-14.0,-36.1,-22.5,-4.6,-2.8,0.0,-0.9,0.1,,0.5,-2.3,,,,0.5,,,,,,0.6,-5.7,,,-3.3,,,-2.4,-1.1,-0.7,,,,,,,,-2.3,2.1,-2.6,0.1,0.6,0.4,0.0,-1.2,-0.1,-0.7,-18.6,-5.1,-3.0,-15.7,-3.9,-1.1,0.1,-1.6,-1.5,-0.5,-1.0,-9.6,-1.8,-1.4
101,2015-06-01,-4.8,-15.4,-32.4,-20.1,-4.7,-2.6,0.0,-1.2,0.0,,0.5,-2.3,,,,0.4,,,,,,0.5,-8.2,,,-3.5,,,-2.6,-1.1,-0.7,,,,,,,,-2.8,2.5,-3.3,-0.2,0.7,0.2,-0.3,-1.2,-0.4,-0.9,-18.8,-5.0,-3.1,-16.7,-5.9,-0.9,-0.2,-1.6,-1.4,-0.6,-0.7,-8.6,-2.1,-1.7
102,2015-07-01,-5.4,-15.1,-34.6,-20.1,-7.7,-2.3,0.0,-1.0,0.0,,0.5,-2.5,,,,0.4,,,,,,0.4,-10.4,,,-3.6,,,-3.0,-1.3,-0.8,,,,,,,,-2.7,2.4,-3.4,-0.2,0.7,0.2,-0.3,-1.3,-0.4,-1.4,-21.0,-5.8,-3.1,-18.3,-8.5,-1.1,-0.3,-2.0,-1.6,-0.8,-1.5,-11.5,-1.8,-2.0
103,2015-08-01,-5.9,-15.6,-37.9,-20.4,-10.3,-2.8,0.0,-1.2,0.1,,0.5,-2.5,,,,0.4,,,,,,0.4,-11.7,,,-3.8,,,-3.3,-1.3,-1.0,,,,,,,,-2.8,2.3,-3.8,-0.3,0.7,0.5,-0.6,-1.4,-0.5,-1.4,-24.3,-7.4,-3.3,-18.8,-11.0,-1.2,-0.4,-2.3,-1.9,-0.9,-1.9,-12.0,-2.2,-2.0
104,2015-09-01,-5.9,-15.4,-40.6,-19.9,-10.0,-2.4,0.0,-1.5,-0.2,,0.5,-2.5,,,,0.7,,,,,,0.3,-11.4,,,-4.0,,,-3.4,-1.2,-0.9,,,,,,,,-3.7,2.1,-3.9,-0.3,0.9,1.1,-0.5,-1.2,-0.7,-0.5,-24.5,-8.3,-3.5,-18.7,-11.5,-1.0,-0.4,-2.3,-1.4,-0.8,-2.0,-12.3,-1.7,-2.0
105,2015-10-01,-5.9,-15.8,-39.9,-18.5,-9.8,-2.6,0.0,-1.8,-0.3,,0.4,-2.3,,,,0.6,,,,,,0.1,-10.9,,,-4.3,,,-3.6,-1.3,-1.0,,,,,,,,-4.0,2.0,-3.6,-0.5,0.9,1.0,-0.7,-1.1,-0.6,-0.3,-22.5,-8.3,-3.7,-19.1,-11.3,-1.1,-0.3,-2.4,-1.5,-0.9,-1.5,-13.2,-1.6,-1.7
106,2015-11-01,-5.9,-16.8,-36.5,-18.0,-10.4,-2.5,0.0,-2.1,-0.4,,0.4,-2.2,,,,0.4,,,,,,0.3,-10.7,,,-4.3,,,-4.0,-1.4,-1.1,,,,,,,,-3.3,2.0,-4.1,-0.4,0.8,0.9,-0.8,-1.2,-0.7,0.0,-20.6,-7.9,-3.9,-19.9,-13.5,-1.1,-0.5,-2.6,-1.6,-0.9,-1.6,-14.9,-1.4,-1.8
107,2015-12-01,,,-37.3,,-10.5,,,-1.6,,,,-2.2,,,,,,,,,,0.0,,,,-4.2,,,,,,,,,,,,,-5.2,,-4.6,,0.6,,,-1.1,-0.7,,,-6.9,-3.6,,-13.9,,-0.5,-2.8,,,,,,
108,2016-01-01,-5.3,-17.8,-38.3,-18.9,-10.1,-1.7,,-1.0,-0.2,,0.1,-2.9,,,,0.8,,,,,,0.3,-9.7,,,-4.2,,,-4.3,-1.6,-1.2,,,,,,,,-8.3,1.5,-1.6,-0.5,0.5,1.1,-0.7,-1.0,-0.9,-0.6,-13.5,-6.3,-3.0,-19.0,-12.1,-1.1,-1.0,-2.7,-1.7,-0.5,0.8,-12.0,0.9,-3.1
109,2016-02-01,-4.9,-17.6,-36.1,-18.4,-8.1,-2.1,,-0.7,-0.3,,0.1,-2.7,,,,0.9,,,,,,0.4,-9.3,,,-4.4,,,-4.3,-1.7,-1.4,,,,,,,,-9.8,1.7,-2.5,-0.5,0.3,1.1,-0.8,-0.8,-0.9,0.0,-14.3,-5.9,-3.1,-16.2,-10.7,-1.2,-1.1,-2.4,-1.7,-0.4,0.8,-12.2,1.1,-3.7
110,2016-03-01,-4.3,-16.6,-33.8,-13.1,-4.3,-2.1,,-0.3,-0.2,,0.2,-2.5,,,,0.8,,,,,,0.3,-7.3,,,-4.3,,,-3.6,-1.4,-1.4,,,,,,,,-10.2,1.6,-2.3,-0.6,0.3,1.2,-0.8,-0.7,-0.8,1.8,-18.0,-5.5,-2.8,-10.9,-8.3,-1.2,-0.7,-2.2,-1.8,-0.3,0.7,-10.2,1.0,-3.8
111,2016-04-01,-3.4,-14.5,-26.7,-7.5,-3.5,-1.7,,-0.3,-0.4,,0.2,-2.5,,,,0.8,,,,,,0.3,-7.0,,,-3.6,,,-2.6,-1.3,-1.2,,,,,,,,-10.2,2.0,-2.2,-0.7,0.5,0.9,-0.8,-0.8,-0.9,1.4,-16.1,-5.1,-2.9,-2.4,-7.7,-1.2,-0.6,-2.1,-1.9,-0.3,-0.1,-8.4,1.0,-4.0
112,2016-05-01,-2.8,-10.2,-21.5,-4.2,-2.4,-1.3,,-0.3,-0.5,,0.2,-2.6,,,,1.0,,,,,,0.3,-8.3,,,-2.8,,,-2.0,-1.1,-1.1,,,,,,,,-10.6,2.2,-1.2,-0.7,0.5,0.9,-0.5,-0.8,-1.0,1.9,-15.6,-5.4,-3.1,1.7,-7.7,-1.2,-0.4,-2.3,-1.8,-0.1,0.4,-4.4,1.0,-3.0
113,2016-06-01,-2.6,-6.9,-19.9,-5.8,-1.1,-1.2,,0.2,-0.4,,0.1,-2.3,,,,1.1,,,,,,0.4,-7.6,,,-2.2,,,-2.0,-1.1,-1.3,,,,,,,,-10.5,2.1,-0.3,-0.8,0.6,1.2,-0.3,-0.8,-0.7,2.5,-11.8,-5.4,-3.2,-1.3,-6.1,-1.3,-0.2,-2.0,-1.6,-0.1,0.6,-5.1,1.8,-2.5
114,2016-07-01,-1.7,-5.3,-15.9,-3.7,4.4,-1.1,,0.1,-0.3,,0.1,-1.4,,,,1.2,,,,,,0.2,-6.3,,,-1.8,,,-1.5,-1.0,-1.3,,,,,,,,-10.6,2.0,-0.3,-1.2,0.7,1.2,0.4,-0.8,-0.8,4.9,-9.2,-4.7,-3.0,2.0,-2.0,-1.1,0.0,-1.7,-1.3,-0.2,1.0,-2.8,2.2,-2.5
115,2016-08-01,-0.8,-2.3,-15.6,-0.5,8.6,-1.0,,0.0,-0.3,,0.0,-0.8,,,,1.2,,,,,,0.1,-3.8,,,-1.0,,,-0.9,-0.8,-1.2,,,,,,,,-10.9,1.9,0.4,-1.4,0.4,1.0,-0.2,-0.8,-0.4,5.6,-5.3,-3.1,-2.5,6.5,0.8,-1.0,-0.2,-1.4,-1.1,-0.2,1.2,-0.6,3.6,-2.6
116,2016-09-01,0.1,4.1,-4.2,3.3,8.4,-0.9,,0.4,-0.1,,0.0,-0.4,,,,1.0,,,,,,0.4,-3.1,,,-0.1,,,-0.5,-0.9,-1.2,,,,,,,,-10.2,1.9,0.7,-1.3,0.3,0.4,-0.2,-0.6,-0.5,4.4,0.0,-1.5,-2.3,10.1,1.2,-1.1,0.1,-1.6,-1.5,-0.4,0.5,0.5,4.0,-2.7
117,2016-10-01,1.2,15.4,2.0,4.8,9.2,-0.2,,0.8,0.1,,0.0,0.3,,,,1.2,,,,,,0.6,-1.5,,,1.1,,,0.2,-0.7,-1.1,,,,,,,,-10.0,2.0,0.3,-1.1,0.3,0.5,0.0,-0.4,-0.4,3.5,3.6,0.3,-1.5,13.1,3.7,-1.0,0.1,-1.4,-1.2,0.1,0.7,4.1,3.6,-2.9
118,2016-11-01,3.3,28.6,6.2,10.2,13.7,0.5,,1.6,0.2,,0.0,1.0,,,,1.3,,,,,,0.6,0.3,,,2.7,,,1.7,-0.4,-1.0,,,,,,,,-9.3,2.0,2.3,-1.0,0.5,0.7,0.1,0.8,-0.1,4.2,9.0,3.1,-0.7,22.2,12.6,-0.9,0.3,-0.4,-0.8,0.2,1.1,10.2,3.6,-3.2
119,2016-12-01,5.5,34.0,19.7,18.2,16.9,1.1,,2.4,0.6,,0.0,1.8,,,,1.5,,,,,,0.8,4.6,,,3.7,,,3.4,-0.1,-0.7,,,,,,,,-4.7,2.1,2.8,-0.7,1.0,0.7,0.4,3.7,0.5,3.9,16.6,6.6,0.3,35.0,17.1,-0.8,0.5,0.7,-0.2,0.3,1.8,14.8,4.7,-3.2
120,2017-01-01,6.9,38.4,58.5,23.7,17.7,1.6,,2.6,0.8,,0.0,2.6,,,,1.5,,,,,,0.7,9.3,,,4.6,,,4.3,0.3,-0.4,,,,,,,,0.0,1.9,1.1,-0.5,0.6,0.7,0.2,5.7,0.6,3.8,24.4,9.2,1.0,37.7,17.3,-0.6,0.9,1.1,-0.1,0.1,2.3,17.4,3.9,-2.0
121,2017-02-01,7.8,39.6,85.3,27.6,16.7,3.0,,2.1,1.0,,0.0,3.2,,,,1.5,,,,,,0.9,11.9,,,5.0,,,5.2,0.5,-0.2,,,,,,,,1.7,2.0,1.1,-0.5,0.9,0.7,0.1,6.7,0.7,3.1,30.5,11.9,2.1,40.1,19.5,-0.6,1.0,1.4,-0.2,0.0,2.4,18.8,3.8,-1.4
122,2017-03-01,7.6,39.6,68.5,29.0,15.5,3.3,,1.5,1.1,,0.0,3.5,,,,1.6,,,,,,1.0,10.8,,,5.8,,,5.5,0.5,-0.1,,,,,,,,1.6,2.3,0.0,-0.4,1.0,0.7,0.6,6.7,0.9,2.1,29.9,11.5,2.5,36.8,17.3,-0.5,1.3,1.5,0.1,0.0,3.1,19.5,3.7,-1.2
123,2017-04-01,6.4,40.4,43.0,21.8,14.9,3.6,,1.0,1.3,,0.0,3.8,,,,1.9,,,,,,1.1,8.8,,,6.5,,,5.0,0.6,-0.1,,,,,,,,2.1,1.8,-0.1,-0.2,1.0,1.2,0.5,6.1,0.9,2.7,27.5,9.2,2.7,22.3,15.8,-0.4,1.4,1.5,0.4,0.3,3.6,18.6,4.2,-0.9
124,2017-05-01,5.5,37.2,27.0,14.0,13.5,3.9,,0.4,1.4,,0.0,3.8,,,,2.0,,,,,,1.3,7.4,,,7.2,,,4.8,0.5,-0.1,,,,,,,,1.2,1.7,-0.4,0.1,1.0,1.4,0.5,6.5,1.0,1.8,22.0,7.7,2.7,17.7,13.6,-0.2,1.3,1.6,0.5,0.0,3.5,13.6,4.0,-0.6
125,2017-06-01,5.5,33.2,13.8,11.9,13.2,4.7,,-0.4,1.3,,0.0,3.8,,,,1.9,,,,,,1.4,8.2,,,7.7,,,4.9,0.6,0.2,,,,,,,,0.3,1.7,-0.9,0.1,0.9,1.0,0.4,7.5,1.2,1.5,14.9,7.6,2.6,24.5,13.9,-0.1,1.2,1.6,0.2,-0.1,2.7,13.7,3.4,-0.5
126,2017-07-01,5.5,32.3,5.8,12.4,10.7,5.2,,-0.4,1.3,,0.0,3.2,,,,1.7,,,,,,1.6,9.5,,,8.5,,,5.3,0.7,0.4,,,,,,,,0.6,1.8,-1.8,0.5,0.8,1.1,-0.3,8.4,1.3,-0.8,10.9,7.6,2.6,27.5,12.7,-0.2,1.2,1.9,0.0,-0.1,2.5,14.0,2.8,-0.1
127,2017-08-01,6.3,32.1,15.7,14.1,11.2,5.7,,0.2,1.4,,0.0,2.9,,,,1.7,,,,,,1.7,9.5,,,9.0,,,5.9,0.8,0.7,,,,,,,,2.0,2.0,-1.8,0.8,1.0,1.2,0.3,10.2,1.3,-0.8,16.8,8.4,3.0,29.1,16.3,-0.1,1.3,2.4,-0.2,-0.2,2.4,14.4,1.1,-0.1
128,2017-09-01,6.9,28.6,14.2,13.7,14.1,6.3,,0.3,1.4,,0.0,3.0,,,,1.6,,,,,,1.8,10.9,,,9.8,,,6.5,1.0,1.0,,,,,,,,2.5,2.2,-3.0,0.9,0.8,1.3,0.6,13.8,1.9,-0.3,16.4,10.0,3.4,31.5,20.2,0.0,1.1,3.0,-0.7,-0.1,2.7,15.4,0.8,-0.5
129,2017-10-01,6.9,19.7,16.5,11.4,15.5,7.1,,0.3,1.4,,0.0,2.7,,,,1.7,,,,,,1.8,11.6,,,10.3,,,7.0,1.2,1.2,,,,,,,,3.1,2.1,-4.2,0.9,0.7,1.3,0.8,16.6,2.2,0.0,15.5,10.7,3.4,30.8,20.0,0.1,1.2,3.4,-0.7,-0.5,2.6,15.7,1.6,-0.4
130,2017-11-01,5.8,8.6,20.3,7.5,13.5,7.4,,-0.1,1.4,,0.0,2.4,,,,1.6,,,,,,2.1,11.2,,,9.9,,,6.5,1.3,1.3,,,,,,,,3.5,2.2,-5.8,1.0,0.7,1.1,1.0,14.9,1.9,-0.3,13.8,10.1,3.2,23.9,14.4,0.1,1.2,2.8,-1.0,-0.6,2.4,14.0,1.4,-0.3
131,2017-12-01,4.9,4.7,20.1,4.9,11.9,8.0,,-0.6,1.2,,0.0,2.4,,,,1.3,,,,,,2.6,7.9,,,12.4,,,5.8,1.3,1.4,,,,,,,,6.4,1.9,-6.1,1.0,0.5,0.8,1.2,10.7,1.7,0.0,12.3,9.0,2.5,18.5,10.1,0.1,1.4,1.9,-1.5,-0.8,2.0,14.6,0.4,-0.3
